/* Описание и решаемые задачи БД:
 * База описывает упрощенную модель хранения данных интернет-магазина товаров для сахарной и восковой депиляции.
 * А именно: данные о товарах, клиентах, заказах, акциях, остатках на складах.
 * В базе хранятся личные данные о всех зарегистрированных клиентах интернет-магазина: их имя, фамилия, дата рождения,
 * контакты и хэш пароля.
 * Для удобстава, товары в интернет-магазине распределены на категории и бренды. Есть возможность посмореть заказы
 * и их состав для каждого клиента.
 * У клиентов есть статусы с соответствующей скидкой, которые будут присваиваться им в зависимости от общей суммы заказов.
 * Есть возможность сделать дополнительную скидку на определенный товар или конкретному клиенту магазина.
 * Также есть учет товароов и распределение их по складам.
 * Созданы представления и процедуры для удобной работы с данным.
 * А также триггеры, для того, чтобы защитить базу от действий, портящих ее данные.
 * (Все данные в таблицах внесены для примера и испытания работы скриптов, поэтому не являются достоверными)
 */


-- Создаем базу данных:

DROP DATABASE IF EXISTS depil_store;
CREATE DATABASE depil_store;
USE depil_store;

-- Создаем и заполняем таблицу статусов клиентов интернет-магазина:

DROP TABLE IF EXISTS client_statuses;
CREATE TABLE client_statuses (
	id SERIAL PRIMARY KEY, -- SERIAL = BIGINT UNSIGNED NOT NULL AUTO_INCREMENT UNIQUE
    statuses VARCHAR(50) COMMENT 'Статус клиента',
    client_discounts BIGINT COMMENT 'Личная скидка клиента',
    border BIGINT) COMMENT 'Граница перехода в новый статус';

INSERT INTO client_statuses
    (statuses, client_discounts, border)
VALUES
    ('opt', 0.5, NULL), -- NULL, т.к. условия опта обсуждаются лично и не зависят от общей не единоразовой суммы выкупа
    ('platinum', 0.4, 500000),
    ('gold', 0.3, 300000),
    ('silver', 0.2, 150000),
    ('new_client', 0.1, 0),
    ('client', 0, 1);

-- Создаем и заполняем таблицу клиентов:

DROP TABLE IF EXISTS clients;
CREATE TABLE clients (
	id SERIAL PRIMARY KEY, -- SERIAL = BIGINT UNSIGNED NOT NULL AUTO_INCREMENT UNIQUE
    firstname VARCHAR(50) COMMENT 'Имя',
    lastname VARCHAR(50) COMMENT 'Фамилия',
    gender VARCHAR(6) COMMENT 'Пол',
    birthday_at DATE COMMENT 'Дата рождения',
    email VARCHAR(120) UNIQUE,
    phone BIGINT,
    password_hash VARCHAR(50),
    status_id BIGINT UNSIGNED COMMENT 'Статус клиента',
    created_at DATETIME DEFAULT CURRENT_TIMESTAMP,
    updated_at DATETIME DEFAULT CURRENT_TIMESTAMP ON UPDATE CURRENT_TIMESTAMP,
    FOREIGN KEY (status_id) REFERENCES client_statuses(id) ON UPDATE CASCADE ON DELETE SET NULL,
    INDEX clients_phone_idx(phone),
    INDEX clients_firstname_lastname_idx(firstname, lastname)
) COMMENT 'Покупатели';

INSERT INTO clients
VALUES
    (1,'Saul','Brown','m','1987-02-28','zella45@example.net',9410166632,'ff0c6d09a6eea1e83a6958bfad44954691781c08',3,'2008-06-03 23:11:41','1982-08-14 10:30:45'),
    (2,'Nina','Weissnat','m','2016-04-24','payton81@example.com',9308493754,'d43f0fcb5b23050a53f74d76927a412f399626a5',2,'1984-09-21 20:53:32','1978-12-08 08:50:44'),
    (3,'Jerald','Berge','m','1979-09-04','purdy.bradford@example.net',9141744821,'3cd2c862d4b259a08e80bb0e04d66e574608f0c0',2,'2017-08-02 01:03:41','2020-06-01 20:05:51'),
    (4,'Carolyn','Koch','m','2004-05-19','beahan.emilie@example.org',9952727936,'afa6abdf0cd50e6382a3eef1cf93d1313275b61f',5,'1974-03-31 11:59:06','1983-10-18 18:49:02'),
    (5,'Steve','Bartoletti','m','1971-01-21','mrunolfsdottir@example.com',9499527381,'a81bab361761aa5ce1216dfceb8d5aba65e44548',3,'1983-08-28 07:37:13','1984-12-04 15:35:46'),
    (6,'Nat','Langosh','m','1973-01-27','bergnaum.bernita@example.org',9574663097,'31937dd7be8b83bb0523527a76781f09ac3430c6',2,'2010-03-20 05:13:03','1988-02-11 19:54:37'),
    (7,'Josiane','Hills','m','1982-04-04','kelvin66@example.org',9071922004,'68860e5fc5b899df26ccf13e07a8b13257d635af',4,'1980-02-05 20:04:35','2004-02-14 14:53:31'),
    (8,'Jeramy','Tremblay','f','1990-03-05','paucek.tressie@example.org',9099214732,'c3ed0f39e2b011dc7946630a2effcd9cf0bb99a2',1,'2005-06-27 01:08:23','1992-03-22 23:18:13'),
    (9,'Colton','Wiegand','m','2018-05-11','emedhurst@example.com',9231905824,'eb847914d05f92051a8fa31811040aedf414b84d',6,'1971-05-06 22:53:32','2009-11-29 12:12:31'),
    (10,'Bridgette','Medhurst','m','1988-06-23','dreilly@example.net',9045198956,'8900fd2e98db0196e6f602592da9fdeebd0d185e',5,'2021-07-09 00:40:37','2009-07-17 07:39:38'),
    (11,'Kylee','Boyle','f','2002-07-26','natalia57@example.org',9633604196,'44bd6a7d53abc96b672c1bfa0f65005a69d0d429',6,'2004-04-23 01:27:58','2004-10-08 16:25:12'),
    (12,'Jaquan','Walsh','f','1996-11-26','talia.feil@example.com',9075732463,'71a25972e9937eb9c5c0b917fdc517e6aaaef571',5,'1985-01-25 13:14:49','1982-12-20 07:17:27'),
    (13,'Ryley','Fisher','m','2004-06-02','wilkinson.wendy@example.com',9177165417,'657919fe2a2451e32934588f49338e23eeb89da5',5,'1978-08-30 01:49:33','1988-12-31 03:19:09'),
    (14,'Tyra','Gleichner','m','2016-11-13','danny51@example.org',9996929741,'10c6a56d0794b3d395aeeb5b5042c8c083a939c1',5,'1999-04-22 04:44:31','1971-01-06 09:00:19'),
    (15,'Tavares','Osinski','f','1991-01-27','xkuhn@example.net',9311788091,'171daf7900811799000f1079be447c9676007dd3',5,'2019-12-07 19:04:50','1991-11-24 00:00:33'),
    (16,'Grover','Larkin','f','1980-06-01','blick.tiara@example.net',9030684475,'c68ad617303bdf492a380fd60aad2c9996601b7e',5,'1987-01-15 19:54:52','1983-05-30 16:17:01'),
    (17,'Shaylee','Schinner','f','2015-03-27','marlen03@example.com',9325936297,'5d571a56b7d56ad8733f34f86c98b08502937bab',1,'2014-03-23 06:22:54','2019-04-14 17:43:24'),
    (18,'Faye','Schaden','f','1989-11-07','drew50@example.net',9697583721,'40f3ea12234168da5aaf5895ecf36c698aa0c73e',1,'2000-03-22 13:30:20','1991-10-14 18:25:36'),
    (19,'Kaylin','Gulgowski','f','1988-06-05','jayme95@example.org',9756978380,'85b610f328f135f4162d8d2f91ff87eb3930b0f2',2,'2022-04-12 10:35:20','1995-04-23 00:55:00'),
    (20,'Allen','Rohan','m','1971-12-21','femmerich@example.net',9421513059,'14dff5795f0238149bebb4dc139da1db4334f0fe',6,'1975-10-22 10:46:05','1996-10-25 15:49:37'),
    (21,'Lucile','Boehm','m','1976-03-23','kovacek.melyna@example.com',9417791309,'3efe21ee62a08c84994c56865c6b5fd3d240c46c',5,'1975-05-12 10:01:50','1986-11-10 05:55:16'),
    (22,'Newell','Hudson','m','1980-02-02','swunsch@example.org',9314193291,'d09d2bbaa6e4d6c034975bf7b40b9c8db3d9563c',2,'1995-08-05 15:32:45','2016-09-13 14:45:05'),
    (23,'Dejuan','Hettinger','m','2022-03-12','haley.alba@example.org',9238177551,'a331221c6ea53597475bba452b6be7d90ab930e7',5,'1972-08-30 10:42:40','1986-12-16 09:03:10'),
    (24,'Sallie','Wilkinson','f','1985-07-07','zrunolfsson@example.com',9946191535,'2f267662b65cfc41b4dee8d5bc495678fdc83176',3,'1976-12-05 12:18:23','1972-10-21 01:40:11'),
    (25,'Elton','Balistreri','f','1993-07-16','xgoyette@example.net',9342582125,'c15f8bbef5a41965ca8970fcedc97daba3d92437',5,'2015-01-24 08:29:36','2016-02-14 21:02:52'),
    (26,'Richmond','Walsh','f','2009-07-23','vince64@example.net',9347275333,'cde0128216438dd0605f8c8de9003ba89da4e31e',3,'1982-02-20 05:53:51','1990-02-21 13:38:00'),
    (27,'Jerad','Auer','f','1974-04-29','zhyatt@example.net',9982778314,'ba2259c8d0de6d88b1881d6ab9f0b7258b62e55e',5,'1986-12-22 06:39:08','1994-03-29 13:33:35'),
    (28,'Garland','Mraz','m','1991-12-26','glover.virginie@example.org',9293561242,'086277863834b77780130db7af32bbc717ccd79b',5,'1999-12-18 16:04:25','2020-10-15 08:26:36'),
    (29,'Rogers','Koch','f','1995-12-29','agnes31@example.com',9192854245,'eb2e7ee52978901e49e1624df95fb1751a8e47d4',3,'2013-04-24 16:27:27','1997-12-07 03:18:39'),
    (30,'Dustin','Cummerata','m','1994-03-04','norris.mills@example.com',9228323121,'75d49c6ca3689e370cdb2bda23d55468c75d09c4',5,'1976-10-01 03:20:16','1973-01-24 01:15:57'),
    (31,'Eveline','Kris','f','2000-11-19','rowe.kiley@example.org',9534926303,'3d015d1f7c128e5458d38db6933664df234307c7',1,'1986-11-12 04:21:45','1998-02-08 00:54:33'),
    (32,'Terrence','Mann','f','1974-11-30','eleanore.schultz@example.org',9442712826,'aaa2adeec3731e4cd5a34646430a3f3d86cdb132',3,'2017-10-25 22:08:46','1976-11-20 02:56:54'),
    (33,'Veronica','Brekke','f','1993-03-22','keenan.baumbach@example.org',9552903037,'689fc1fcde398be233aca3fdeb2c823249ef5c66',5,'1989-05-22 03:56:01','1989-07-18 22:28:16'),
    (34,'Madaline','Blanda','f','2006-08-20','gus.hilll@example.com',9686818871,'ae832a47a080cf8e23d1af3ef7edddb1d349ff78',2,'1981-03-29 12:02:48','2005-04-07 02:15:52'),
    (35,'Beulah','Krajcik','f','1974-08-26','igreenfelder@example.net',9885482521,'adcfb8597156cf088f7d562cca9fe24337c8baea',4,'1988-08-27 12:47:48','1972-05-28 07:36:37'),
    (36,'Georgianna','Kassulke','m','1987-04-22','lois53@example.org',9868187773,'503aaf9a2d06ae2640fc0862211e7d0c000071c8',3,'2000-06-16 20:49:52','2009-06-10 05:53:03'),
    (37,'Violette','Zemlak','f','2013-08-23','lorna41@example.net',9006726069,'e3faae2260d59c7a4d33b29b20712bfe203bdd75',5,'1995-01-08 07:50:42','2016-03-08 08:28:18'),
    (38,'Dora','Hilll','f','2012-04-27','emmett.murphy@example.net',9555860194,'449e726dffa797a3be790c7f306f9f9f8e0fd359',6,'2003-09-11 02:51:14','1983-10-16 04:58:07'),
    (39,'Warren','Yundt','f','2009-11-26','estreich@example.com',9200791042,'6a85b079f39bae47406aa6b30a355647db24e122',6,'1985-08-24 05:43:38','2010-01-04 09:59:57'),
    (40,'Matt','Rau','f','1995-10-27','ava31@example.com',9296604834,'868b62193cf5fa2abe0853019cdc04a234127b6b',3,'1979-04-13 01:20:22','2016-12-07 18:48:38'),
    (41,'Vicenta','Pagac','f','2002-10-05','dfritsch@example.net',9811893135,'8137815bd3abfb8e77e555921c0946743efb56d9',2,'1995-02-21 13:14:23','2005-06-25 06:18:12'),
    (42,'Alexander','Nolan','m','1978-11-06','morton.torphy@example.net',9502413630,'c77670fc14fc89e236a759df170224c4c370f50c',5,'1995-01-16 11:24:15','2001-02-10 15:39:57'),
    (43,'Garfield','Willms','f','1984-05-30','cloyd.carroll@example.com',9429504762,'ceeb696e320bff8dadae1ca4297e53bb86b48394',3,'2009-07-22 06:57:38','1998-10-24 17:23:22'),
    (44,'Dalton','Leannon','m','1990-02-22','wschamberger@example.org',9935501027,'913476a9e7cbf8b04bbf2a720a18823b96f34a90',6,'1971-10-28 11:28:52','1983-08-22 03:40:32'),
    (45,'Stanton','Ledner','f','1976-10-07','fahey.percival@example.com',9663129806,'9beca91f2ec28fbb6e0ff6406ddfdeba64fff647',5,'2015-11-28 13:05:06','1975-10-24 08:37:47'),
    (46,'Candice','Cartwright','f','1994-06-26','randi60@example.com',9795781090,'443ee26096887ea33baf2ca4a0e17ab82cad291c',4,'1970-07-03 15:35:54','2010-12-04 09:25:36'),
    (47,'Archibald','Wilderman','f','2019-07-02','sbosco@example.net',9967052070,'eb223db29320e2056c9ac309b8ee0a83b28b9b0b',5,'2008-08-09 11:14:38','1985-08-04 09:37:52'),
    (48,'Hilton','Borer','m','2007-06-21','fo\'connell@example.com',9524718417,'d4dd1189fa65a4955298e1bcd319ddebc32de168',6,'1992-10-15 16:59:35','1976-07-12 12:00:15'),
    (49,'Ben','Jacobs','m','2019-06-20','tara90@example.org',9453229028,'a550303c8f997b55209b474923a6c3370ae3c2c8',5,'1981-06-30 07:08:29','2011-08-12 01:29:32'),
    (50,'Carmen','Reichel','m','1981-05-19','antonetta.mayert@example.org',9133331305,'effc0548748f63c7beb2e2b42f656f66300be65c',2,'1975-01-15 06:21:50','1995-04-25 18:50:18'),
    (51,'Antone','Shanahan','m','2006-06-09','zfisher@example.org',9097395674,'d171e10ffa67c126a48d15ce1f09d27a133ae5b7',6,'1998-01-13 06:45:02','1981-02-10 00:05:23'),
    (52,'Greta','Hirthe','m','2010-11-10','kirlin.helene@example.org',9527827822,'7c4b91f539e2d84fb38dba833f202afb92828bf6',5,'1973-03-13 15:46:47','2006-03-17 08:08:48'),
    (53,'Oda','Murazik','m','1987-08-15','jabari10@example.com',9672818858,'b000302afe61c1ba440a047d6d56225af1d584cd',6,'2013-08-06 22:06:53','2012-02-12 05:30:26'),
    (54,'Mathilde','Gerhold','m','2004-02-01','quitzon.kadin@example.org',9767975517,'068bb304c880a5c09d0531d09b58d7da2029df0e',5,'2004-04-05 04:41:30','1978-05-27 13:21:29'),
    (55,'America','Bradtke','f','1984-09-07','reymundo95@example.com',9590788998,'867a16c7d8d7418d0b1ee0d4b7e1efc5060e921f',5,'2016-12-13 12:48:26','1970-09-27 08:30:47'),
    (56,'Filomena','Johnson','f','2004-02-12','kaylee06@example.org',9572669508,'0afebc0e3ee6df8993ba6e43c34cc6f1bfbe8ec5',3,'1984-06-08 21:27:54','1988-10-07 22:51:20'),
    (57,'Domenico','O\'Connell','m','1977-09-11','rolfson.avery@example.com',9762647058,'17ce542d09be53e14f2e536b4a300ba9dfa7119d',5,'2004-07-07 16:59:34','2019-03-20 01:45:30'),
    (58,'Laverne','Hartmann','m','1996-09-10','hane.america@example.net',9307510204,'b6b952f0dff528537a685f06ee51e5d15ba3a8e3',5,'1999-03-02 17:12:54','1991-12-01 08:43:58'),
    (59,'Angeline','Reynolds','m','1977-01-30','satterfield.lempi@example.net',9217261997,'020213ae405f485f11754fa61b4185c7bf67b909',4,'2014-01-07 01:12:22','2005-11-28 01:55:36'),
    (60,'Molly','Lang','m','2000-03-20','alessandra.turner@example.net',9786820266,'b8f894db5f7f453f8c34573793ced86cbf6fdaf0',5,'1996-04-02 09:00:15','1984-08-08 03:05:17'),
    (61,'Alysa','Rosenbaum','f','1970-05-06','vanessa.buckridge@example.com',9609627787,'7143901e234795fbc7c040c6fdcc68d365bf0580',2,'2013-09-18 12:36:52','2018-01-11 12:45:21'),
    (62,'Joe','Dach','f','2010-05-08','laurel.olson@example.com',9966920453,'a1c8d775bb2e3946bfc84a699d0c0154f277165d',4,'2011-05-03 20:21:12','1986-03-15 16:50:25'),
    (63,'Rosa','Beier','m','1994-05-15','rkirlin@example.com',9315266932,'3de197d84981e9bb0e4b4ef5f7a09d24b14f5be3',3,'1986-10-07 03:37:54','1994-08-30 05:21:56'),
    (64,'Grayce','VonRueden','f','2022-02-03','janick17@example.org',9842783385,'60867589d0d844eee1e87edafe1c84037d98237e',6,'1980-07-25 07:11:45','1974-03-04 16:37:47'),
    (65,'Oceane','Gorczany','m','1990-09-01','gleason.randall@example.org',9460388709,'83a603699e6384ff3755e07900c337ef1365d659',1,'2009-03-21 15:36:44','2009-12-15 09:04:57'),
    (66,'Irwin','Lueilwitz','f','1986-10-24','caterina.erdman@example.net',9877956983,'5026b0231cd6b80e4869d20b07dd2d97664fa44a',5,'2004-08-09 07:51:25','1986-03-29 15:05:47'),
    (67,'Antonina','Trantow','m','1973-10-15','domenick99@example.org',9751868919,'87f986521fae2bc72d9a11d3b990e9f4b9153f08',5,'1989-03-04 02:35:45','1976-09-30 00:01:22'),
    (68,'Everardo','Pacocha','f','2020-05-14','aniyah.kub@example.com',9491053609,'af2f7e4c543054addf20fb4769c74bf4e83f9723',5,'1978-06-26 22:49:43','1991-07-06 17:59:29'),
    (69,'Jeremy','Goyette','f','2001-02-28','titus65@example.com',9252173715,'58439e4ec7fc05c432b7be8d2077200a59c8d7c3',6,'2000-07-26 11:33:15','2007-08-14 04:40:53'),
    (70,'April','Bogisich','f','1985-04-10','kaya.senger@example.com',9065866641,'4a2ef32093e726afdcc87d0b74fae5f8ed506719',2,'1991-06-17 19:31:35','2009-12-12 00:31:56'),
    (71,'Jackie','Hartmann','f','2016-09-30','ernesto.zulauf@example.com',9097005709,'c7b4924731d756c983b91fc65c385d8171dd7786',6,'1977-08-02 08:09:41','1998-01-19 03:54:07'),
    (72,'Myra','Deckow','f','1979-02-04','ernie.reichert@example.com',9118320585,'e2c51b284cafdb9c2c9469795b6e4bc1e1c45b3b',6,'2013-06-05 05:41:12','1971-07-17 04:41:31'),
    (73,'Devante','Willms','f','1987-03-11','vyost@example.net',9233439722,'aaec95bdc3bb6a4c7ce7c37ff3b9cbffa7ae0544',5,'2007-09-04 18:43:19','1983-07-01 15:47:17'),
    (74,'Linnie','Stiedemann','m','2014-01-24','kira06@example.net',9661132467,'8ce58cb21f8444235a3176f894009307dd4187ec',5,'2007-06-23 05:49:31','2017-12-27 12:17:38'),
    (75,'Brittany','Borer','m','2013-11-11','joelle69@example.com',9682829794,'09b6714900f6f09e855338d671c5d5979fa9c531',5,'1993-06-18 09:48:51','1971-11-15 15:44:27'),
    (76,'Dennis','West','f','1970-09-14','runolfsson.chase@example.net',9048427187,'0c0d69fb16a86f86eba947eb1295cc09e4796659',2,'2017-11-22 14:22:07','1970-01-09 09:00:47'),
    (77,'Emmanuelle','Lowe','f','2001-08-22','rlang@example.com',9778829365,'ce8278f8ce80718367d3914449249925c8d6aac1',2,'1996-11-12 07:53:46','1994-09-18 20:57:25'),
    (78,'Bessie','Wehner','f','2012-07-18','howell.kristin@example.net',9452535551,'e237da5124e3117b0edc2b79b24e603170951d11',6,'2005-02-07 21:02:27','1998-08-07 18:22:32'),
    (79,'Maegan','Leannon','m','1989-12-24','emmerich.aliya@example.com',9683684222,'c278b1a43cda287e4c3cd2dc2100511ca87039cb',3,'1988-06-03 09:41:00','2003-03-17 08:02:50'),
    (80,'Elvie','Corkery','m','1996-04-29','kasandra07@example.net',9200761897,'0dadd005135c82e2ac825b686900ef103a2d2073',5,'2002-10-27 23:04:20','1995-05-28 04:28:22'),
    (81,'Ambrose','Herzog','f','2003-12-10','iswift@example.net',9705640492,'4bf379cb6f907086f15aa469456dfeaa76f1b212',3,'2001-01-04 23:12:32','1986-05-22 17:35:24'),
    (82,'Trinity','Kub','m','2004-04-30','hlabadie@example.com',9684165725,'dfa05c5289a41614c92832107b725f14e014221f',2,'1991-09-30 05:10:02','1989-05-07 14:28:03'),
    (83,'Jaleel','O\'Hara','f','2005-11-12','cordia91@example.com',9480681833,'cd80644d1ffdeb60e69b95e1e1da2b215be80b14',2,'1978-07-06 07:18:26','1978-10-12 04:44:18'),
    (84,'Brad','Waters','f','1976-04-16','niko.stiedemann@example.com',9231053734,'242a090d085f36a0eb0b83284346776120c42e03',2,'2012-01-08 16:56:50','2011-12-18 15:51:19'),
    (85,'Hollie','Witting','m','2002-11-09','yadira72@example.net',9515670435,'37f158d3dde962a351139b5e377bc0de86615a20',3,'2005-10-10 03:32:10','1980-04-12 18:10:45'),
    (86,'Drake','Ruecker','m','2015-12-20','qrohan@example.net',9818881670,'3038ff9db20db0cb2d5c01c589eb32e2c4a5ba8f',1,'1998-06-24 14:58:05','2000-10-04 08:36:28'),
    (87,'Norma','Wisozk','m','1991-06-06','sydni85@example.com',9373668870,'e8a1fd99c377cd73024dbc057978b372d50731f0',5,'2000-11-22 07:59:01','2000-11-10 00:15:54'),
    (88,'Joaquin','Harris','f','2021-06-16','schmitt.cleve@example.org',9621807597,'a8abb88b6e5a7f61f16457cf0fbdb13f214d2bf6',5,'2017-11-23 15:02:18','1990-04-01 04:12:51'),
    (89,'Brain','Dickinson','m','1982-02-14','qkris@example.org',9859250110,'9fff788f95cd211c27c0d19248915f7a4dc5c695',1,'1986-06-13 12:37:37','2012-04-02 19:16:24'),
    (90,'Joy','Walsh','m','1997-12-12','kwindler@example.net',9758057272,'33a637f8f6f034c164fc6fda11f77fbc9593731f',4,'1983-12-12 10:15:13','2002-04-25 23:42:36'),
    (91,'Maude','Sauer','f','2006-05-22','kiehn.lincoln@example.org',9545066533,'3732b661b6f0a64cef75a85ac5230d49c8060062',2,'1973-10-14 07:57:08','1988-01-29 14:09:13'),
    (92,'Ceasar','Aufderhar','f','1992-07-14','sglover@example.org',9235130731,'5e69b5a79843be2e905de1dbfa44fb38b897db45',5,'1997-05-19 15:58:23','2000-11-27 12:03:51'),
    (93,'Elvie','Morar','m','2015-06-27','verna32@example.org',9994683835,'bfce8e0508e672a4b900e09d4456153691fbf300',1,'1973-10-07 16:31:04','2007-05-02 03:37:53'),
    (94,'Dayana','Erdman','f','1973-11-05','ashly80@example.com',9863593799,'a66d22ede8419bc8f416f317b625e6c98f641af7',2,'1987-08-02 03:20:51','1972-04-10 07:10:44'),
    (95,'Merlin','Botsford','f','2016-06-10','mueller.simeon@example.org',9891019766,'541e1eaa1510f610efe3c015019126d17d25a97c',3,'1982-07-23 18:51:12','1999-09-05 05:09:59'),
    (96,'Larissa','Runte','f','1971-03-14','kole00@example.com',9347470579,'fc8ca440b86a45067d4707a7e9ffd3c2e0b48d40',6,'1975-10-08 22:04:17','1988-03-18 04:21:08'),
    (97,'Helga','Smith','f','1983-06-05','znicolas@example.com',9625703956,'ebf191b32226c993fa82d7db9f79643c31632e5a',6,'1975-10-15 03:02:30','1998-09-16 05:16:27'),
    (98,'Kennedy','Herman','f','1987-08-14','francesco.nader@example.org',9993384791,'a24e12b2d745e91e2242aa619f6c2a3f68e2e9fa',2,'2016-06-11 15:56:30','2002-07-21 18:02:01'),
    (99,'Dolores','Conn','m','2006-09-08','lavon.terry@example.net',9351283119,'148b50b48635735b97984b9f88e91039212918e3',5,'2015-08-24 19:50:56','1997-12-09 03:07:10'),
    (100,'Rozella','Mraz','m','2000-11-04','chyna.windler@example.net',9484287420,'53098c97b457f3fcf5c928cf92c48d1768deaf27',4,'1971-11-30 00:59:38','2021-10-10 15:11:03');

-- Создаем и заполняем таблицу администратора интернет-магазина:

DROP TABLE IF EXISTS admin;
CREATE TABLE admin (
  id SERIAL PRIMARY KEY,
  acceses TEXT,
  FOREIGN KEY (id) REFERENCES clients(id) ON UPDATE CASCADE ON DELETE CASCADE
) COMMENT 'Администратор сайта';

INSERT INTO admin
    (acceses)
VALUES
    ('edit content');

-- Создаем и заполняем таблицу разделов интернет-магазина:

DROP TABLE IF EXISTS categories;
CREATE TABLE categories (
  id SERIAL PRIMARY KEY,
  name VARCHAR(255) COMMENT 'Название раздела',
  UNIQUE unique_name(name(10)), -- Все названия разделов должны быть разными
  INDEX categories_idx(name)
 ) COMMENT 'Разделы интернет-магазина';

INSERT INTO categories
    (name)
VALUES
  ('Шугаринг'),
  ('Восковая депиляция'),
  ('Расходные материалы'),
  ('Оборудование'),
  ('Косметика для домашнего ухода'),
  ('Дезинфекция и стерилизация');

 -- Создаем и заполняем таблицу брендов интернет-магазина:

DROP TABLE IF EXISTS brands;
CREATE TABLE brands (
  id SERIAL PRIMARY KEY,
  name VARCHAR(255) COMMENT 'Название бренда',
  UNIQUE unique_name(name(10)), -- Все названия брендов должны быть разными
  INDEX brands_idx(name)
) COMMENT 'Бренды, представленные в интернет-магазине';

INSERT INTO brands
    (name)
VALUES
  ('gloria'),
  ('italwax'),
  ('чистовье'),
  ('sherris'),
  ('nitrimax'),
  ('benovy'),
  ('not_brand');

 -- Создаем и заполняем таблицу товаров интернет-магазина:

DROP TABLE IF EXISTS products;
CREATE TABLE products (
  id SERIAL PRIMARY KEY,
  name VARCHAR(255) COMMENT 'Название',
  description TEXT COMMENT 'Описание',
  price DECIMAL (11,2) COMMENT 'Цена',
  brands_id BIGINT UNSIGNED COMMENT 'Бренд товара',
  categories_id BIGINT UNSIGNED COMMENT 'Категория товара',
  created_at DATETIME DEFAULT CURRENT_TIMESTAMP,
  updated_at DATETIME DEFAULT CURRENT_TIMESTAMP ON UPDATE CURRENT_TIMESTAMP,
  FOREIGN KEY (brands_id) REFERENCES brands(id) ON UPDATE CASCADE ON DELETE SET NULL, -- это не SERIAL, сделаем SET NULL
  FOREIGN KEY (categories_id) REFERENCES categories(id) ON UPDATE CASCADE ON DELETE SET NULL, -- если категории или бренды удалятся, то товары останутся
  INDEX index_of_brands_id (brands_id),
  INDEX index_of_categories_id (categories_id)
) COMMENT = 'Товары';

INSERT INTO products
  (name, description, price, brands_id, categories_id)
VALUES
  ('Лосьон перед шугарингом Gloria 500 мл', 'Очищает, дезинфицирует, обезжиривает, разрыхляет верхний слой кожи. Подготавливает кожу к процедуре депиляции.', 1650, 1, 1),
  ('Гель перед шугарингом 250 мл Sherris', 'Очищает, дезинфицирует, обезжиривает, разрыхляет верхний слой кожи. Подготавливает кожу к процедуре депиляции.', 810, 4, 1),
  ('Тальк мелкодисперсный ItalWax 100 гр', 'Создает защитный буфер на коже, удаляет остатки влаги. Благодяря мелкой фракции, не забивает поры.', 450, 2, 2),
  ('Тальк косметический Sherris 100 гр', 'Создает защитный слой во время депиляции, не имеет отдушек.', 200, 4, 1),
  ('Тальк мелкодисперсный Gloria 350 гр', 'Мелкодимперсный косметический тальк. Большая экономичная упаковка.', 810, 1, 1),
  ('Масло для депиляции ItalWax "Full Body" 250 мл', 'Создает защитную пленку на коже во время депиляции. Не имеет отдушек.', 1100, 1, 1),
  ('Лосьон до/после шугаринга Sherris "Нежная роза" 350 мл', 'Можно использовать для подготовки к процедуре. Удаляет остатки сахарной пасты, увлажняет кожу. Благодаря растительным экстрактам и д-пантенолу, обладает заживляющим действием', 450, 4, 1),
  ('Косметическая вода Gloria "Алоэ и Виноград" 350 мл', 'Удаляет остатки сахарной пасты, увлажняет кожу. Благодаря растительным экстрактам и д-пантенолу, обладает заживляющим действием', 550, 1, 1),
  ('Крем после шугаринга Gloria 500 мл', 'Защищает кожу после депиляции от попадания микробов. Увлажняет и питает.', 1505, 1, 1),
  ('Крем регенерирующий Sherris 250 мл', 'Помогает коже восстановить свой защитный барьер после депиляции.', 750, 4, 1),
  ('Паста для шугаринга Gloria "Плотная"', 'Подходит для корректировки плотности или очень высокой температуры в помещении', 2500, 1, 1),
  ('Паста для шугаринга Gloria "Средняя"', 'Подходит для небольших горячих зон (бикини, подмышечные впадины)', 2500, 1, 1),
  ('Паста для шугаринга Gloria "Мягкая"', 'Подходит для больших холодных зон (ноги, руки, спина)', 2500, 1, 1),
  ('Паста для шугаринга Gloria "Ультрамягкая"', 'Подходит для корректировки плотности или для больших холодных зон (ноги, руки, спина) в прохладном помещении', 2500, 1, 1),
  ('Паста для шугаринга Gloria "Бандажная"', 'Используется для бандажной техники', 2500, 1, 1),
  ('Паста для шугаринга Sherris "Exstra hard"', 'Подходит для корректировки плотности или очень высокой температуры в помещении', 1800, 4, 1),
  ('Паста для шугаринга Sherris "Hard"', 'Подходит для небольших горячих зон (бикини, подмышечные впадины)', 1800, 4, 1),
  ('Паста для шугаринга Sherris "Soft"', 'Подходит для больших холодных зон (ноги, руки, спина)', 1800, 4, 1),
  ('Паста для шугаринга Sherris "Supersoft"', 'Подходит для корректировки плотности или для больших холодных зон (ноги, руки, спина) в прохладном помещении', 1800, 4, 1),
  ('Паста для шугаринга Sherris "Bandage"', 'Используется для бандажной техники', 1800, 4, 1),
  ('Лосьон перед восковой депиляцией ItalWax 250 мл', 'Подготавливает кожу к депиляци', 765, 1, 1),
  ('Гель перед восковой депиляцией ItalWax 250 мл', 'Подготавливает кожу к депиляци', 823, 1, 1),
  ('Молочко после восковой депиляции ItalWax 250 мл', 'Подготавливает кожу к депиляци', 1110, 1, 1),
  ('Пленочный воск в гранулах ItalWax "Full Body Wax"', 'Современный полимерный синтетический воск. Гипоалергенный. Благодаря его пластичности, можно рабоать на любых зонах. Обладает низкой температурой плавления и адгезией к коже.', 1900, 2, 2),
  ('Пленочный воск в гранулах ItalWax "Nirvana Сандал"', 'Полимерный синтетический воск с ароматом и маслом сандала. Работать им можно по специальному косметическому маслу, что еще больше понижает адгезию с кожей. Закрывается процедура массажным маслом из свечи.', 1900, 2, 2),
  ('Пленочный воск в гранулах ItalWax "Nirvana Лаванда"', 'Полимерный синтетический воск с ароматом и маслом лаванды. Работать им можно по специальному косметическому маслу, что еще больше понижает адгезию с кожей. Закрывается процедура массажным маслом из свечи.', 1900, 2, 2),
  ('Свеча массажная ItalWax "Nirvana" Лаванда', 'Свеча с натуральным массажным мапслом для закрытия процедуры депиляции. Смягчает кожу и делает процедуру эффектной. Зажгите свечу, масло растает, проверьте температуру и нанесите его на нужную зону.', 980, 2, 2),
  ('Свеча массажная ItalWax "Nirvana" Сандал', 'Свеча с натуральным массажным мапслом для закрытия процедуры депиляции. Смягчает кожу и делает процедуру эффектной. Зажгите свечу, масло растает, проверьте температуру и нанесите его на нужную зону.', 980, 2, 2),
  ('Воск в картридже  ItalWax "Роза"', 'Воск средней плотности. Подходит как для пушкового, так и для забритого волоса. Умеренное содержание диоксида титана снижает адгезию с кожей.', 175, 2, 2),
  ('Воск в картридже  ItalWax "Роза"', 'Воск средней плотности. Подходит как для пушкового, так и для забритого волоса. Умеренное содержание диоксида титана снижает адгезию с кожей.', 175, 2, 2),
  ('Воск в картридже  ItalWax top-formula "Магнолия"', 'Прозрачный воск. Подходит для пушкового волоса и нечувствительной здоровой кожи. Отсутствие диоксида титана делает воск прозрачным и повышает адгезию с кожей.', 175, 2, 2),
  ('Воск в картридже  ItalWax "Хлопок"', 'Плотный воск. Подходит для плотного забритого волоса и чувствительной хрупкой кожи. Высокое содержание диоксида титана минимизирует адгезию с кожей. Ложится более толстым слоем.', 175, 2, 2),
  ('Масло для удаления остатков воска ItalWax "Лимон"', 'Хорошо удаляет с кожи остатки классического теплого воска. Кожа становится гладкой и лоснящейся.', 1200, 2, 2),
  ('Лосьон без масла для удаления остатков воска ItalWax "Азулен"', 'Отлично удаляет остатки теплого воска с кожи. Не оставляет маслянного следа и жирности.', 1500, 2, 2),
  ('Шпатели деревянные стандарт 100 шт', 'Классические прочные деревянные шпатели для косетических процедур', 208, 3, 3),
  ('Шпатели деревянные малые 100 шт', 'Маленькие деревянные шпатели для процедур на лице', 160, 3, 3),
  ('Простыни рулон Плотные 120*80 SMS 20 100 шт', 'Плотные простыни в рулоне для процедур', 955, 3, 3),
  ('Простыни рулон Премиум 120*80 SMS 35 75 шт', 'Экстраплотные простыни в рулоне для процедур', 1465, 3, 3),
  ('Простыни рулон Стандарт 110*70 SMS 15 100 шт', 'Стандартные простыни в рулоне для процедур', 765, 3, 3),
  ('Шапочка "Шарлотка" SMS 20 25 шт', 'Шапочки для косметических процедур', 955, 3, 3),
  ('Трусы танго одноразовые 100 шт', 'Одноразовые трусы для автозагара, массажа и косметических процедур', 1044, 3, 3),
  ('Перчатки нитриловые Benovi 100 шт', 'Одноразовые нестерильные нитриловые перчатки. Хорошо тянутся, подходят для процедуры сахарной депиляции', 1590, 6, 3),
  ('Перчатки нитриловые Nitrimax 100 шт', 'Одноразовые нестерильные нитриловые перчатки. Осбо прочные.', 1700, 5, 3),
  ('Перчатки виниловые Nitrimax 100 шт', 'Одноразовые нестерильные виниловые перчатки. Подходят для восковой депиляции.', 550, 5, 3),
  ('Перчатки виниловые Benovi 100 шт', 'Одноразовые нестерильные виниловые перчатки. Подходят для восковой депиляции.', 450, 5, 3),
  ('Коврики одноразовые Чистовье 200 шт', 'Для защиты коврика.', 365, 3, 3),
  ('Носки одноразовые 100 пар', 'Каждая пара в индивидуальной упаковке.', 275, 7, 3),
  ('Бахилы 100 шт', 'Одноразовые прочные бахилы.', 356, 7, 3),
  ('Салфетки нетканые 20*20 100 шт', 'Не оставляют ворса.', 243, 7, 3),
  ('Салфетки бумажные Чистовье 100 шт', 'Одноразовые бумашные салфетки в удобной упаковке.', 105, 3, 3),
  ('Полоски бандажные для депиляции ', 'Бандажные плотные полоски для депиляции теплым воском.', 175, 2, 3),
  ('Кольца защитные на воскоплав ItalWax 20 шт', 'Защищают баночный воскоплав от капель воска.', 210, 2, 3),
  ('Нагреватель баночный "Pro Wax - 100"', 'Нагреватель баночного типа для разогрева сахарной пасты и воска.', 910, 7, 4),
  ('Нагреватель картриджный', 'Нагреватель для воска и сахарной пасты в картриджах.', 1639, 7, 4),
  ('Сухожаровой шкаф ГП-10', 'Разрешен для стерилизации по СанПиН. Поддерживает стабильную температуру.', 22000, 7, 6),
  ('Сухожаровой шкаф ГП-20', 'Разрешен для стерилизации по СанПиН. Поддерживает стабильную температуру. Имеет более вместительную камеру, чем у модели ГП-10.', 31000, 7,6),
  ('Ультразвуковая ванна', 'Эффективно очищает остатки загрязнений с инструмента с помощью ультразвука.', 5505, 7, 6),
  ('Чистодез для поверхностей', 'Антисептик для поверхностей разведенный до нужной концентрации, 2%, время экспозиции - 5 мин.', 875, 3, 6),
  ('Чистодез концентрат' , 'Концентрат антисептика для поверхностей. Обладает моющим эффектом.', 1890, 3, 6),
  ('Чистодез кожный антисептик', 'Кожный спиртовой антисептик с добавлением увлажняющих компонентов.', 275, 3, 6),
  ('Журнал учета дез.средств', 'Журнал для учета расхода дезинфицирующих средств.', 255, 3, 6),
  ('Крафт пакеты 75*100 100 шт', 'Крафт пакеты с индикаторами для сухожаровых шкафов и автоклавов', 210, 3, 6),
  ('Набор журналов проведения дезинфекции и стерилизации 2 шт', 'Журналы для контроля проведения дезинфекции и стерилизации.', 420, 3, 6),
  ('Индикаторы для сухожарового шкафа 1000 шт', 'Вншние индикаторы для контроля работы воздушного стерилизатора', 590, 3, 6),
  ('Наклейки на контейнер с раствором 100 шт', 'Наклейки для контроля смены дезинфицирующего раствора.', 230, 3, 6),
  ('Гель алоэ-вера Sherris 250 мл', 'Дарит коже легкое увлажнение, успокаивает, снимает покраснения и зуд. Можно использовать на кончики волос и после загара.', 250, 4, 5),
  ('Молочко для тела Sherris "Миндальное пралине", 180 мл', 'Увлажняет и питает кожу, обладает легкой текстурой и ароматом марципана.', 450, 4, 5),
  ('Энзимный пилинг Sherris 50 гр', 'Ферментативный пилинг на основе растительных энзимов - папаина и бромелайна. Осветляет пигментацию, разрушает комедоны, предотвращает появление новых. Подходит для лица.', 550, 4, 5),
  ('Пенка для умывания Sherris "Манго" 180 мл', 'бережно очищает кожный себум с лица. Оставляет кожу спокойной и не стянутой.', 490, 4, 5),
  ('Гель для интимной гигиены Sherris с молочной кислотой pH 4,5 180 мл', 'Гель с повышенной кислотностью сохраняет особую среду для полезных бактерий и препятсвует развитию патогенной микрофлоры.', 390, 4, 5),
  ('Крем для лица Sherris "Авокадо" 50 мл', 'Питательный крем с ценным маслом авокадо. Подходит для сухой и нормальной кожи лица.', 550, 4, 5),
  ('Крем для рук Sherris "Малина" 50 мл', 'Крем для рук с ярким ароматом малины. Ухаживает даже за самой чухой кожей рук, кутикулой и ногтями.', 390, 4, 5)
  ;

-- Создаем и заполняем таблицу заказов интернет-магазина:

DROP TABLE IF EXISTS orders;
CREATE TABLE orders (
  id SERIAL PRIMARY KEY,
  clients_id BIGINT UNSIGNED,
  created_at DATETIME DEFAULT CURRENT_TIMESTAMP,
  updated_at DATETIME DEFAULT CURRENT_TIMESTAMP ON UPDATE CURRENT_TIMESTAMP,
  FOREIGN KEY (clients_id) REFERENCES clients(id) ON UPDATE CASCADE ON DELETE CASCADE
) COMMENT = 'Заказы';

INSERT INTO orders
VALUES
    (1,36,'1996-04-04 14:57:07','1981-01-08 18:04:50'),
    (2,84,'2001-05-16 18:32:11','1992-05-07 06:19:03'),(3,2,'2021-09-18 04:00:25','1983-09-02 02:17:24'),
    (4,76,'2019-04-19 07:01:36','1992-08-29 01:54:54'),(5,96,'2022-05-10 18:36:33','1985-08-17 13:30:06'),(6,34,'1990-03-24 08:21:15','1992-01-07 01:53:56'),
    (7,34,'1972-12-01 06:06:54','2005-09-25 17:07:36'),(8,95,'1985-03-10 16:13:35','1999-10-19 06:40:51'),(9,11,'2007-05-18 13:22:39','1989-08-11 20:15:37'),
    (10,69,'2004-08-25 23:52:24','2015-08-13 12:26:19'),(11,85,'2015-05-24 21:51:23','2001-01-31 13:02:50'),(12,18,'1983-07-07 20:53:24','1991-08-06 21:49:43'),
    (13,61,'2007-06-17 00:55:24','2021-12-30 13:10:50'),(14,85,'2019-10-16 14:54:04','2007-03-09 22:52:33'),(15,53,'2006-05-25 10:48:13','1988-09-09 04:20:39'),
    (16,84,'2017-01-25 17:00:42','1977-01-02 17:36:31'),(17,31,'1976-03-11 18:28:34','2022-01-23 14:25:29'),(18,22,'2012-10-16 03:19:09','1982-09-21 10:37:04'),
    (19,59,'1990-09-25 21:58:07','1980-05-04 05:26:54'),(20,86,'1994-04-10 17:43:22','1980-03-18 20:53:15'),(21,90,'2004-05-17 01:35:10','1982-11-14 11:00:14'),
    (22,9,'1999-03-28 07:22:36','2020-08-28 21:03:47'),(23,29,'1996-04-11 08:53:42','1985-04-03 23:07:39'),(24,86,'1982-07-02 11:43:42','1976-04-21 13:48:33'),
    (25,93,'1998-11-19 13:47:38','2020-02-12 01:52:01'),(26,51,'1977-04-11 06:16:07','1996-03-21 12:06:07'),(27,5,'1983-10-24 19:30:06','1984-12-10 20:47:48'),
    (28,91,'2016-03-23 01:25:40','1991-01-13 03:07:24'),(29,97,'1970-01-09 00:44:37','1973-04-17 19:58:30'),(30,95,'1970-03-28 12:36:17','2003-09-02 21:17:22'),
    (31,29,'1980-01-29 06:46:04','1973-04-28 07:52:35'),(32,83,'1989-01-26 09:12:08','1990-01-31 12:22:05'),(33,41,'1974-12-15 19:15:24','1977-04-19 19:52:14'),
    (34,34,'2016-05-21 23:29:00','1995-12-31 06:31:46'),(35,78,'2008-10-11 04:59:15','2019-02-17 03:58:19'),(36,41,'2010-07-25 14:45:44','1973-05-18 14:23:41'),
    (37,48,'1995-01-14 15:53:34','2005-02-27 19:52:37'),(38,43,'1990-09-02 08:47:01','1993-03-05 04:24:52'),(39,44,'2006-09-01 01:55:42','2017-11-06 05:40:19'),
    (40,85,'2001-03-04 10:41:49','1983-02-04 02:28:43'),(41,98,'2006-12-17 07:34:07','1982-06-26 04:20:17'),(42,69,'1973-04-25 18:59:19','2008-12-17 16:02:01'),
    (43,94,'2008-06-30 10:02:57','2019-11-16 06:28:23'),(44,7,'1998-05-10 15:43:41','2002-06-23 00:34:17'),(45,38,'1989-01-30 14:08:14','1991-03-02 16:38:57'),
    (46,40,'2016-07-19 10:53:26','1987-10-06 17:51:50'),(47,100,'2013-11-13 03:18:44','1973-03-18 03:51:41'),(48,46,'1993-10-14 09:36:16','1983-01-26 03:54:50'),
    (49,70,'1995-06-16 22:41:06','1976-02-20 10:14:45'),(50,72,'1981-07-21 12:09:26','1971-04-02 23:52:03'),(51,79,'2014-11-12 01:12:31','2021-07-14 19:56:14'),
    (52,11,'1993-10-22 23:55:59','1998-12-28 00:29:28'),(53,84,'2018-07-04 23:59:16','1979-01-24 23:50:49'),(54,20,'1997-06-30 15:04:38','2020-08-17 05:43:34'),
    (55,1,'1976-12-28 02:18:19','1986-10-01 08:11:37'),(56,97,'1976-07-28 13:52:46','1982-06-05 10:27:24'),(57,61,'1975-03-12 09:49:44','1970-03-11 16:30:37'),
    (58,64,'2006-09-23 00:11:58','2015-10-14 18:37:27'),(59,100,'1970-03-04 07:48:16','2019-12-05 11:39:30'),(60,17,'1983-11-14 04:38:02','1998-09-02 02:51:42'),
    (61,19,'1979-10-05 16:45:15','1993-07-05 01:57:21'),(62,8,'1982-06-05 05:21:12','1972-01-10 21:25:08'),(63,20,'2015-06-06 00:54:50','1997-08-30 00:02:59'),
    (64,81,'1989-07-04 18:11:29','1980-06-20 14:05:50'),(65,69,'1986-03-13 14:28:39','1972-10-27 20:58:22'),(66,89,'2012-07-02 13:00:30','2006-05-20 18:30:14'),
    (67,6,'2018-02-20 07:21:42','1996-08-25 22:22:20'),(68,32,'2001-08-03 07:08:24','2020-10-31 03:25:49'),(69,63,'2016-06-25 06:31:12','1970-09-30 06:29:41'),
    (70,25,'1996-03-31 16:39:23','1971-02-11 16:52:05'),(71,79,'2018-05-24 05:08:06','2016-04-14 23:40:47'),(72,20,'1971-06-10 18:33:46','2001-01-12 09:10:43'),
    (73,32,'1977-07-07 05:18:35','2018-08-18 01:57:23'),(74,39,'2017-12-22 09:34:45','2001-01-21 11:27:34'),(75,63,'1991-12-03 20:37:06','2005-02-02 12:19:59'),
    (76,5,'1975-01-30 16:41:41','1996-08-27 02:47:18'),(77,35,'1987-08-24 07:31:22','2000-07-24 09:41:39'),(78,61,'1982-05-20 07:44:12','2005-01-07 20:01:01'),
    (79,43,'2017-02-02 06:37:32','1988-09-09 01:56:13'),(80,19,'1978-02-13 09:40:32','2019-02-12 15:24:05'),(81,41,'1993-12-22 22:02:35','1985-05-07 11:59:11'),
    (82,64,'1997-07-29 16:13:01','2019-04-21 14:13:48'),(83,76,'2004-06-22 13:10:37','1998-05-28 23:47:11'),(84,24,'1999-08-22 00:19:56','1990-06-24 03:30:09'),
    (85,56,'1974-08-30 08:57:44','1976-11-09 17:05:57'),(86,59,'2012-01-16 18:33:53','1995-04-03 08:13:03'),(87,82,'1973-05-16 22:49:03','1978-02-04 03:49:27'),
    (88,6,'1988-03-16 16:31:38','1986-08-17 10:35:48'),(89,24,'2000-05-16 00:28:07','1974-11-24 22:21:26'),(90,72,'1981-04-22 03:05:45','2003-01-25 03:09:11'),
    (91,62,'2006-08-23 14:16:48','2021-02-16 23:01:25'),(92,24,'2021-10-08 02:08:34','2010-07-02 08:05:53'),(93,65,'1975-10-30 08:35:37','2021-11-13 21:19:16'),
    (94,50,'1979-12-31 13:20:23','1989-06-02 23:00:36'),(95,26,'2017-12-23 17:59:03','1975-11-11 10:57:06'),(96,3,'1978-08-30 22:32:29','1976-01-05 05:51:24'),
    (97,71,'1988-12-30 17:27:57','2011-07-13 00:36:34'),(98,82,'1984-09-21 09:22:57','1999-05-05 07:38:15'),(99,77,'1998-03-29 02:29:15','2007-12-06 02:03:50'),
    (100,11,'1983-06-05 07:22:38','1988-05-15 09:14:15');

-- Создаем и заполняем таблицу составов заказов интернет-магазина:

DROP TABLE IF EXISTS orders_lists;
CREATE TABLE orders_lists (
  order_id BIGINT UNSIGNED,
  product_id BIGINT UNSIGNED,
  total BIGINT UNSIGNED DEFAULT 1 COMMENT 'Количество товаров в заказе',
  created_at DATETIME DEFAULT CURRENT_TIMESTAMP,
  updated_at DATETIME DEFAULT CURRENT_TIMESTAMP ON UPDATE CURRENT_TIMESTAMP,
  PRIMARY KEY(order_id, product_id),
  FOREIGN KEY (order_id) REFERENCES orders(id) ON UPDATE CASCADE ON DELETE CASCADE,
  FOREIGN KEY (product_id) REFERENCES products(id) ON UPDATE CASCADE ON DELETE CASCADE
) COMMENT 'Составы заказов';

INSERT INTO orders_lists
VALUES
    (1,29,6,'1996-05-31 03:21:34','2014-09-29 04:27:05'),
    (4,70,4,'1972-06-10 17:42:00','2001-09-27 19:49:26'),
    (4,71,8,'1993-10-24 22:49:57','1998-08-19 23:17:37'),
    (5,50,8,'2001-11-14 05:49:53','1980-08-20 20:02:05'),
    (6,29,6,'2021-11-16 23:50:52','2014-05-13 03:18:59'),
    (8,64,11,'1992-09-08 05:18:39','2017-02-20 00:02:09'),
    (9,41,13,'1990-08-05 03:12:08','1993-11-09 19:42:23'),
    (9,44,13,'2015-09-13 15:09:39','2001-09-10 21:56:48'),(10,38,8,'1997-08-26 11:03:05','1972-04-09 11:27:52'),(10,65,9,'1974-02-17 16:46:26','2007-08-14 23:43:04'),
    (11,51,14,'2022-05-18 16:00:48','1992-08-05 14:50:04'),(12,16,2,'1995-06-03 13:53:27','1983-01-19 12:20:03'),(12,47,4,'1971-02-10 12:32:25','1986-01-08 22:54:41'),
    (12,49,12,'1986-07-07 03:15:00','1983-07-16 06:34:45'),(13,62,15,'1978-07-10 20:48:39','1975-04-06 20:47:57'),(14,48,3,'2000-02-04 12:32:30','1982-10-04 05:35:04'),
    (15,42,8,'1987-02-14 05:59:39','2012-08-06 00:45:37'),(15,62,3,'2018-11-21 13:18:12','1991-10-18 20:05:09'),(16,61,4,'2014-01-17 18:42:53','1972-07-01 10:51:55'),
    (17,1,8,'1982-10-16 22:52:14','1981-05-02 22:30:22'),(17,42,3,'1981-06-04 19:29:31','1989-04-02 22:27:50'),(18,58,14,'1986-05-10 13:31:24','1988-10-04 21:40:25'),
    (19,61,8,'1997-05-27 09:58:00','2017-08-30 03:13:43'),(24,11,7,'2013-06-06 15:45:59','2005-08-14 01:44:57'),(24,14,7,'1997-08-30 16:19:02','1992-10-06 17:36:57'),
    (26,10,10,'1999-01-12 13:27:42','2010-01-21 23:17:52'),(26,45,15,'1990-10-06 23:11:12','2021-09-01 06:18:06'),(28,38,10,'2010-12-23 09:08:34','2012-08-26 02:21:34'),
    (30,2,4,'1992-01-27 01:41:26','1976-08-20 07:10:07'),(31,46,1,'2011-02-16 17:08:38','2006-06-19 11:48:16'),(32,27,4,'1998-06-01 05:58:55','2012-07-21 12:19:31'),
    (32,29,15,'2019-06-22 13:16:16','2015-12-05 15:24:24'),(32,66,2,'1977-08-15 22:41:26','1989-05-01 04:25:15'),(34,71,8,'1979-08-01 16:23:41','2005-01-20 23:26:33'),
    (35,37,7,'1995-07-16 07:10:23','2018-04-19 05:33:23'),(35,58,4,'1987-01-29 16:29:59','2005-12-24 19:36:48'),(38,51,1,'2012-07-21 06:51:42','1988-11-22 15:35:14'),
    (39,60,10,'1997-09-17 17:11:40','1979-01-27 18:32:50'),(39,61,11,'2000-06-23 12:20:37','1998-02-25 18:16:36'),(40,22,4,'1994-10-20 23:26:28','1991-06-24 13:08:43'),
    (41,11,13,'2017-01-06 22:19:38','2021-06-19 23:44:18'),(44,16,14,'2022-02-23 05:48:55','2021-10-13 04:03:58'),(44,55,13,'1990-05-27 13:25:14','1974-10-25 12:01:05'),
    (47,27,12,'1977-05-25 01:30:07','2015-01-11 08:06:34'),(47,65,1,'1977-07-30 10:02:55','2004-01-27 02:29:27'),(49,2,12,'2005-10-31 12:27:07','2010-05-02 03:23:59'),
    (50,28,4,'1997-06-02 11:28:37','2013-02-18 03:05:17'),(50,33,8,'2002-05-12 06:48:25','1975-06-28 21:03:17'),(50,43,8,'2009-02-09 14:41:43','2014-03-16 23:16:53'),
    (51,28,4,'1981-11-24 13:53:38','2003-05-06 08:50:13'),(51,57,15,'2008-09-28 14:00:23','1980-09-25 20:25:11'),(52,16,5,'1972-03-29 19:35:58','2020-05-24 02:24:11'),
    (55,57,7,'2018-01-18 13:07:30','1988-06-28 09:13:34'),(56,29,12,'2012-04-01 13:40:40','1981-01-25 14:51:56'),(56,47,14,'2015-07-08 08:29:07','1991-11-23 15:24:35'),
    (56,56,11,'2006-06-07 20:25:09','1971-03-12 19:13:35'),(56,66,14,'2015-07-20 02:37:28','2020-01-19 03:58:23'),(57,6,3,'2011-08-01 16:15:49','1999-04-18 11:29:47'),
    (58,6,7,'2008-07-15 21:36:06','1991-04-09 03:25:40'),(58,67,13,'1999-02-04 02:29:36','1995-10-21 23:28:04'),(59,22,10,'1999-02-13 14:19:35','2009-04-17 22:56:59'),
    (59,45,6,'1992-06-28 10:23:01','1994-12-29 10:45:17'),(60,13,6,'2019-08-25 14:04:40','2003-02-12 05:54:12'),(60,25,5,'1984-08-16 10:34:59','1999-07-03 17:28:09'),
    (60,40,9,'1997-04-22 02:09:50','2007-12-09 04:50:05'),(60,61,1,'2009-01-18 04:11:20','1985-05-23 16:21:21'),(63,21,9,'2020-06-05 18:38:52','1975-03-30 03:04:15'),
    (65,20,12,'2009-10-29 01:22:08','1991-08-31 12:33:04'),(65,22,12,'1997-11-16 17:36:53','1983-12-04 10:16:42'),(66,57,3,'1989-03-18 07:36:35','2018-11-11 21:49:29'),
    (67,44,15,'2013-03-31 16:13:01','2009-09-15 16:22:40'),(67,46,10,'1970-01-04 14:37:43','1976-12-26 05:56:08'),(67,48,9,'2016-07-21 05:22:56','2020-05-21 05:22:45'),
    (68,1,4,'2010-10-06 07:18:37','2011-09-27 11:35:28'),(68,35,12,'1981-07-10 07:48:17','1979-07-15 23:06:47'),(68,70,10,'1983-10-14 23:14:02','2001-03-01 19:21:08'),
    (69,30,4,'1970-01-06 08:58:58','2004-04-25 00:43:18'),(69,32,9,'1989-11-14 21:09:07','1974-05-01 16:50:44'),(69,64,8,'1990-10-10 20:55:50','1996-08-19 15:52:10'),
    (71,53,10,'1976-12-27 10:10:45','1975-08-01 16:49:46'),(72,19,2,'1998-04-07 18:59:22','1998-11-16 01:00:33'),(73,45,7,'2013-10-23 21:17:23','1990-06-16 21:10:28'),
    (75,51,2,'1983-10-08 09:40:29','1974-07-02 00:11:45'),(76,43,11,'1998-02-10 11:08:11','2021-02-21 15:46:38'),(76,50,3,'1983-03-02 10:14:33','1977-01-18 03:05:54'),
    (77,62,11,'2012-09-29 04:12:55','2010-11-22 01:04:35'),(82,68,14,'1975-05-17 04:46:35','2003-09-12 05:26:34'),(83,7,15,'1978-08-12 12:20:50','1989-11-29 17:16:32'),
    (84,11,3,'1984-02-18 12:57:07','2007-08-01 03:01:07'),(85,37,2,'2000-02-21 04:26:00','2007-11-21 08:33:55'),(85,70,4,'1986-08-06 23:24:40','1989-05-20 20:27:50'),
    (87,24,5,'2020-02-21 21:25:52','1982-03-09 20:04:32'),(88,20,12,'2009-11-10 14:09:34','2011-11-22 01:19:18'),(89,65,6,'2009-01-12 23:09:59','1971-11-14 04:14:39'),
    (90,8,14,'2004-12-03 20:54:08','2018-06-19 12:34:10'),(90,46,8,'2017-01-06 11:40:30','1998-03-14 22:10:22'),(91,5,12,'1986-04-11 00:04:34','2017-11-08 13:14:11'),
    (96,48,7,'2020-03-13 21:52:56','1995-11-16 20:01:12'),(98,48,7,'1987-07-15 20:09:09','2008-07-11 19:10:00'),(99,58,9,'2006-05-19 02:51:16','1994-09-03 23:55:40');

-- Создаем и заполняем таблицу изменения цен товаров интернет-магазина:

DROP TABLE IF EXISTS discounts;
CREATE TABLE discounts (
  id SERIAL PRIMARY KEY,
  client_id BIGINT UNSIGNED,
  product_id BIGINT UNSIGNED,
  discount FLOAT UNSIGNED COMMENT 'Величина скидки от 0.0 до 1.0',
  started_at DATETIME,
  finished_at DATETIME,
  discriptions TEXT COMMENT 'Описание акции',
  created_at DATETIME DEFAULT CURRENT_TIMESTAMP,
  updated_at DATETIME DEFAULT CURRENT_TIMESTAMP ON UPDATE CURRENT_TIMESTAMP,
  FOREIGN KEY (client_id) REFERENCES clients(id) ON UPDATE CASCADE ON DELETE SET NULL, -- Если клиент удалится, то скидка останется, id клиента станет NULL
  FOREIGN KEY (product_id) REFERENCES products(id) ON UPDATE CASCADE ON DELETE CASCADE, -- Если товар удалится, то скидка тоже
  INDEX index_of_client_id(client_id),
  INDEX index_of_product_id(product_id)
) COMMENT 'Акции на товары';

INSERT INTO discounts
VALUES
    (1,63,26,'0.1','1990-10-18 10:17:55','1977-08-07 10:47:59','Скидка на пленочный воск 10%','1999-02-02 05:03:52','1980-11-12 12:43:37'),
    (2,18,24,'0.1','1976-03-15 13:58:19','1991-05-12 14:33:22','Скидка на пленочный воск 10%','2016-03-07 17:14:07','1996-10-28 17:00:24'),
    (3,1,26,'0.1','2019-06-24 23:00:34','1997-01-20 09:26:22','Скидка на пленочный воск 10%','2019-07-14 06:41:33','1973-11-24 20:09:21'),
    (4,3,24,'0.1','2009-03-16 03:40:11','1976-02-19 12:36:49','Скидка на пленочный воск 10%','2001-09-15 19:42:38','2012-08-13 23:40:51'),
    (5,26,25,'0.1','2007-08-12 23:39:07','1982-03-12 19:35:10','Скидка на пленочный воск 10%','1992-04-13 13:42:58','1997-08-05 23:53:27'),
    (6,22,26,'0.1','1991-10-28 01:17:32','1971-05-06 07:43:41','Скидка на пленочный воск 10%','1997-02-17 06:44:56','2010-10-30 22:36:11'),
    (7,50,26,'0.1','1990-05-19 03:51:44','2020-02-05 05:05:11','Скидка на пленочный воск 10%','2022-02-03 09:49:01','2004-12-10 00:10:10'),
    (8,67,25,'0.1','1978-09-24 10:33:29','2019-10-24 15:14:39','Скидка на пленочный воск 10%','1999-12-07 02:40:30','2017-04-22 07:39:09'),
    (9,71,24,'0.1','2003-10-06 05:47:38','1975-07-18 21:57:19','Скидка на пленочный воск 10%','1998-11-23 01:50:59','1994-08-06 08:15:13'),
    (10,12,26,'0.1','1982-11-14 04:49:09','1996-04-22 08:45:50','Скидка на пленочный воск 10%','2003-10-16 23:12:21','1988-01-28 21:26:21');

-- Создаем и заполняем таблицу складов интернет-магазина:

DROP TABLE IF EXISTS storehouses;
CREATE TABLE storehouses (
  id SERIAL PRIMARY KEY,
  name VARCHAR(255) COMMENT 'Название',
  created_at DATETIME DEFAULT CURRENT_TIMESTAMP,
  updated_at DATETIME DEFAULT CURRENT_TIMESTAMP ON UPDATE CURRENT_TIMESTAMP
) COMMENT 'Склады';

INSERT INTO storehouses
    (name, created_at, updated_at)
VALUES
    ('Склад ЕКБ', '2008-06-19 22:19:05', '2022-05-04 12:29:04'),
    ('Склад МСК', '2012-04-20 20:14:26', '2020-12-14 21:30:24');

-- Создаем и заполняем таблицу остатков на складах интернет-магазина:

DROP TABLE IF EXISTS remains;
CREATE TABLE remains (
  id SERIAL PRIMARY KEY,
  storehouse_id BIGINT UNSIGNED,
  product_id BIGINT UNSIGNED,
  value BIGINT UNSIGNED COMMENT 'Остаток товара на складе',
  created_at DATETIME DEFAULT CURRENT_TIMESTAMP,
  updated_at DATETIME DEFAULT CURRENT_TIMESTAMP ON UPDATE CURRENT_TIMESTAMP,
  FOREIGN KEY (storehouse_id) REFERENCES storehouses(id) ON UPDATE CASCADE ON DELETE CASCADE,
  FOREIGN KEY (product_id) REFERENCES products(id) ON UPDATE CASCADE ON DELETE CASCADE
) COMMENT 'Запасы на складе';

INSERT INTO remains
VALUES
    (1,1,1,14,'1995-12-12 13:05:08','1996-06-28 02:33:31'),
    (2,2,2,74,'1995-07-27 11:27:32','2012-04-28 16:46:00'),
    (3,1,3,66,'2016-04-18 16:59:07','1989-01-10 09:19:24'),
    (4,2,4,71,'1970-01-29 13:32:29','1972-10-27 08:13:12'),
    (5,1,5,81,'2009-11-18 21:39:02','2015-08-26 10:59:14'),
    (6,2,6,41,'2003-12-09 22:38:57','2007-02-03 14:14:15'),
    (7,1,7,93,'1990-12-22 03:02:41','2017-04-27 07:26:00'),
    (8,2,8,25,'2009-07-28 09:36:19','1984-05-13 03:12:52'),
    (9,1,9,55,'2013-12-14 18:03:32','2006-06-07 10:59:41'),
    (10,2,10,38,'1990-06-12 14:52:28','2015-02-13 13:34:23'),
    (11,1,11,89,'1975-01-08 08:43:04','1996-02-16 17:33:19'),
    (12,2,12,78,'1998-01-14 06:07:23','1975-03-19 20:04:46'),
    (13,1,13,89,'1974-07-27 19:15:26','1976-02-19 11:18:11'),
    (14,2,14,67,'1984-10-13 14:28:58','1982-12-20 10:50:39'),
    (15,1,15,15,'1977-03-10 09:00:12','2013-08-28 00:32:09'),
    (16,2,16,89,'2016-07-24 04:59:41','2007-06-24 21:03:56'),
    (17,1,17,52,'1973-04-16 00:43:34','1970-10-19 17:06:17'),
    (18,2,18,92,'1997-12-29 06:46:46','1986-08-19 01:45:15'),
    (19,1,19,24,'1970-02-08 13:11:16','1981-08-20 16:37:10'),
    (20,2,20,12,'1975-10-31 03:30:28','2009-02-20 09:50:12'),
    (21,1,21,8,'1983-11-16 02:20:34','1985-03-06 18:09:02'),
    (22,2,22,4,'2008-04-04 03:30:21','1978-06-27 08:43:15'),
    (23,1,23,54,'2004-03-29 20:44:25','2020-10-16 14:55:17'),
    (24,2,24,13,'1989-10-02 19:05:13','1987-02-24 08:40:33'),
    (25,1,25,57,'2009-11-21 12:31:24','2016-12-06 02:08:36'),
    (26,2,26,43,'1981-04-16 05:55:40','1994-05-19 20:48:46'),
    (27,1,27,48,'1989-12-29 07:59:11','2014-07-23 00:52:57'),
    (28,2,28,33,'2003-08-05 10:11:09','1992-03-26 15:51:57'),
    (29,1,29,62,'1996-10-08 10:13:26','1990-03-24 10:35:33'),
    (30,2,30,93,'1973-01-01 16:29:19','1995-02-22 06:49:54'),
    (31,1,31,80,'1993-07-26 02:56:31','2004-07-30 14:27:22'),
    (32,2,32,5,'1998-07-11 08:32:09','1974-11-07 22:45:57'),
    (33,1,33,10,'2001-10-22 17:22:21','2006-05-09 14:09:45'),(34,2,34,30,'1993-07-19 19:55:29','2012-11-06 09:59:29'),(35,1,35,92,'2021-11-10 23:59:06','2020-12-30 11:09:10'),(36,2,36,51,'1982-08-25 20:27:29','1981-03-21 04:34:51'),(37,1,37,96,'2014-12-21 19:35:52','2008-05-17 10:11:29'),(38,2,38,28,'1970-01-06 09:09:58','2002-10-22 14:45:46'),(39,1,39,26,'1972-12-25 09:24:48','2012-02-07 18:02:24'),(40,2,40,84,'1982-06-30 15:27:21','2009-05-25 13:23:46'),(41,1,41,68,'2017-09-29 17:34:03','1988-10-03 07:48:11'),(42,2,42,72,'2021-11-19 05:48:26','2006-04-03 10:15:16'),(43,1,43,84,'2009-10-13 17:43:09','1974-01-02 08:51:25'),(44,2,44,6,'2015-04-02 13:51:29','1996-04-22 04:43:14'),(45,1,45,73,'2012-02-18 23:34:39','2008-10-19 14:04:07'),(46,2,46,95,'2015-02-25 14:03:22','1986-12-23 02:39:39'),(47,1,47,27,'2001-02-21 06:58:51','2020-05-28 07:46:38'),(48,2,48,49,'1979-11-28 11:18:39','1988-01-14 12:28:32'),(49,1,49,99,'2001-05-13 06:36:09','2013-11-01 20:22:00'),(50,2,50,25,'1973-09-27 08:22:29','1977-10-17 05:57:11'),(51,1,51,29,'1992-07-18 04:18:11','1996-04-11 21:21:14'),(52,2,52,65,'2021-12-09 22:37:47','1971-04-06 00:11:20'),(53,1,53,29,'2010-10-08 02:25:09','1974-12-16 03:48:10'),(54,2,54,75,'2008-09-23 17:06:46','1980-02-04 04:45:28'),(55,1,55,20,'1985-10-09 06:01:09','1978-11-10 10:09:47'),(56,2,56,60,'1977-03-07 13:13:49','1992-04-25 17:17:58'),(57,1,57,16,'2008-07-29 19:36:36','1976-02-18 12:18:45'),(58,2,58,62,'2017-06-18 07:58:27','2000-07-15 10:35:18'),(59,1,59,8,'1991-03-18 21:40:29','1980-06-17 01:17:16'),(60,2,60,82,'1997-12-11 09:17:01','1978-11-06 16:11:18'),(61,1,61,92,'1976-01-19 07:01:41','2000-09-22 07:56:40'),(62,2,62,65,'2005-05-02 06:43:17','1988-05-19 05:43:59'),(63,1,63,24,'1987-09-22 10:37:29','2014-10-03 17:50:15'),(64,2,64,96,'1999-06-10 00:25:20','1974-10-17 04:35:35'),(65,1,65,82,'2017-05-21 11:06:27','1970-07-06 03:28:48'),(66,2,66,96,'2002-06-01 04:47:11','1994-12-03 07:13:18'),(67,1,67,12,'1973-08-14 08:40:27','1999-04-25 13:18:01'),(68,2,68,83,'1980-06-04 15:26:11','2012-07-04 04:13:56'),(69,1,69,35,'1971-06-04 07:43:34','1993-03-09 22:20:28'),(70,2,70,91,'2013-09-26 15:12:18','1987-05-03 13:30:39'),(71,1,71,56,'1996-02-27 22:20:01','1981-04-08 14:06:35'),(72,2,72,31,'1977-01-14 17:00:49','2002-07-06 14:38:22'),(73,1,1,49,'2015-12-28 08:51:02','1993-08-16 13:15:26'),(74,2,2,99,'1970-09-05 12:58:14','1989-11-30 00:54:00'),(75,1,3,49,'1975-09-01 23:02:36','1976-03-31 04:52:20'),(76,2,4,38,'1973-07-28 14:04:06','1982-11-23 19:37:23'),(77,1,5,27,'1992-07-19 22:30:23','1979-05-11 15:48:31'),(78,2,6,48,'2007-11-13 16:42:14','1976-07-01 20:50:36'),(79,1,7,46,'1996-06-14 14:03:21','2003-02-19 19:05:39'),(80,2,8,29,'2013-09-03 17:57:19','1994-10-28 05:17:42'),(81,1,9,2,'1974-01-13 10:33:57','1990-11-10 06:54:15'),(82,2,10,73,'1970-04-21 16:10:19','2007-11-10 08:29:36'),(83,1,11,59,'2019-02-03 01:06:32','1984-05-16 01:04:09'),(84,2,12,41,'1970-01-07 07:08:09','2012-08-28 09:56:41'),(85,1,13,6,'1979-09-11 16:16:37','1973-10-03 16:03:46'),(86,2,14,6,'1999-09-12 08:26:34','2003-11-16 04:34:05'),(87,1,15,84,'2002-02-22 13:06:43','1993-05-18 08:40:01'),(88,2,16,99,'2007-12-25 07:34:51','2010-12-21 16:06:00'),(89,1,17,61,'2021-08-03 00:37:32','1986-12-25 16:02:20'),(90,2,18,99,'1972-06-24 23:06:54','1986-07-28 16:15:01'),(91,1,19,64,'1983-09-09 13:59:01','2012-04-16 09:20:22'),(92,2,20,38,'2016-07-29 18:23:00','1996-03-10 17:33:26'),(93,1,21,98,'1973-01-20 05:43:30','2006-12-28 08:17:08'),(94,2,22,100,'2017-07-23 14:50:49','1974-07-28 14:57:29'),(95,1,23,97,'1985-04-02 17:22:40','1982-01-27 02:14:52'),(96,2,24,70,'1978-09-14 21:57:52','2003-09-02 10:28:43'),(97,1,25,89,'1986-01-17 11:51:25','2000-01-30 11:36:13'),(98,2,26,4,'2021-02-20 23:15:39','2019-09-09 05:09:16'),(99,1,27,94,'2001-07-02 13:04:48','2002-10-05 10:58:04'),(100,2,28,24,'1982-12-15 01:53:30','2016-04-15 06:54:56'),(101,1,29,37,'1978-02-21 21:52:38','1979-12-27 02:41:04'),(102,2,30,96,'1996-09-18 23:51:33','2001-01-06 02:33:16'),(103,1,31,10,'2007-12-13 06:19:23','1982-05-29 16:03:22'),(104,2,32,71,'2005-12-14 16:29:32','2016-11-19 18:20:54'),(105,1,33,17,'1991-08-05 03:07:17','1974-02-08 14:15:38'),(106,2,34,34,'2012-10-24 20:47:20','1973-06-30 16:41:19'),(107,1,35,16,'2013-11-21 07:54:02','2009-05-31 00:54:32'),(108,2,36,87,'2000-05-05 13:56:40','2020-12-30 00:37:57'),(109,1,37,63,'2016-02-23 02:26:29','1974-03-02 15:45:27'),(110,2,38,89,'1997-02-17 16:27:12','1991-03-10 03:13:49'),(111,1,39,93,'1995-06-10 15:21:11','1974-08-16 11:14:06'),(112,2,40,0,'1989-06-19 09:32:23','2002-05-22 05:14:30'),(113,1,41,50,'1984-10-28 03:06:15','2002-07-30 01:04:18'),(114,2,42,82,'1992-05-30 20:19:50','2000-10-18 16:54:19'),(115,1,43,67,'2008-01-20 11:24:36','2014-05-01 19:16:18'),(116,2,44,10,'1992-08-16 15:27:44','1983-06-09 17:18:58'),(117,1,45,97,'1995-11-25 02:37:35','1993-04-02 18:05:46'),(118,2,46,79,'2020-01-21 18:11:12','1988-10-20 06:39:13'),(119,1,47,48,'2018-08-24 16:13:50','1986-03-31 07:47:40'),(120,2,48,43,'1985-11-22 16:15:59','1994-10-24 16:18:28'),(121,1,49,59,'1972-02-07 06:46:58','2002-02-09 13:39:46'),(122,2,50,31,'2002-04-25 17:58:22','1980-07-23 02:37:02'),(123,1,51,0,'2004-05-02 22:55:45','1988-08-08 12:47:32'),(124,2,52,77,'2002-12-31 16:52:32','1980-08-23 09:06:52'),(125,1,53,21,'2014-06-13 20:00:59','1992-03-05 19:19:10'),(126,2,54,19,'1982-02-17 09:27:29','1983-05-16 02:29:51'),(127,1,55,84,'2015-06-03 21:03:33','1993-07-25 01:35:21'),(128,2,56,8,'2009-10-30 15:50:42','2014-06-28 00:48:57'),(129,1,57,60,'2008-06-20 09:00:33','2018-04-03 21:30:05'),(130,2,58,3,'1998-12-17 02:33:23','1976-07-04 02:17:42'),(131,1,59,56,'2018-04-14 04:17:33','2014-12-08 20:45:37'),(132,2,60,87,'2018-08-17 10:45:33','1995-04-14 01:41:45'),(133,1,61,49,'2019-12-27 08:40:42','1974-07-24 15:40:56'),(134,2,62,74,'2022-03-10 19:37:17','2011-07-21 15:08:59'),(135,1,63,50,'1995-10-22 02:38:48','1970-04-03 23:20:08'),(136,2,64,88,'1991-04-27 09:06:45','1977-03-02 14:20:26'),(137,1,65,15,'2002-08-19 16:32:24','1987-04-20 16:58:47'),(138,2,66,11,'2011-08-13 10:55:20','2015-06-30 02:23:09'),(139,1,67,60,'1974-12-17 16:13:26','1996-11-27 07:33:34'),(140,2,68,38,'1999-12-20 06:24:39','1992-08-06 03:49:32'),(141,1,69,32,'1987-04-04 11:48:27','2010-07-12 05:24:54'),(142,2,70,12,'2018-12-31 19:03:56','1977-02-23 22:40:03'),(143,1,71,33,'1988-10-28 08:18:30','1978-12-19 02:39:24'),(144,2,72,52,'1977-07-07 08:31:29','2019-06-06 09:47:37');

-- Создаем и заполняем таблицу фото интернет-магазина:

DROP TABLE IF EXISTS photos;
CREATE TABLE photos (
  id SERIAL PRIMARY KEY,
  photo_id BIGINT UNSIGNED,
  photo_name VARCHAR(255),
  metadata JSON,
  FOREIGN KEY (photo_id) REFERENCES products(id) ON UPDATE CASCADE ON DELETE CASCADE
) COMMENT 'Фотографии товаров';

INSERT INTO photos
    (id, photo_id, photo_name)
VALUES
    ('1','1','IX1i4g.jpg'),
    ('2','2','Nnit5V.jpg'),
    ('3','3','jhI8C.jpg'),
    ('4','4','S2AFDA.jpg'),
    ('5','5','GDPrSf.jpg'),
    ('6','6','6bRYam.jpg'),
    ('7','7','VgAK1G.jpg'),
    ('8','8','2N0lLy.jpg'),
    ('9','9','e0d1fH.jpg'),
    ('10','10','kSBmzu.jpg'),
    ('11','11','G1jmA3.jpg'),
    ('12','12','W94L4E.jpg'),
    ('13','13','zZFHqB.jpg'),
    ('14','14','lxh4eH.jpg'),
    ('15','15','O8hBW.jpg'),
    ('16','16','WQ9K.jpg'),
    ('17','17','0jplC2.jpg'),
    ('18','18','26fJs.jpg'),
    ('19','19','ECrf.jpg'),
    ('20','20','BWJhq.jpg'),
    ('21','21','JG6uJU.jpg'),
    ('22','22','O1TbO.jpg'),
    ('23','23','CC1nO.jpg'),
    ('24','24','ORoIp.jpg'),
    ('25','25','MgDWa.jpg'),
    ('26','26','0iZjz.jpg'),
    ('27','27','KYEiM.jpg'),
    ('28','28','UR4cK.jpg'),
    ('29','29','ySmdU.jpg'),
    ('30','30','VQFxs.jpg'),
    ('31','31','ecEYh.jpg'),
    ('32','32','3kjcN1.jpg'),
    ('33','33','OJ3QF.jpg'),
    ('34','34','PwGfz.jpg'),
    ('35','35','H8veJ.jpg'),
    ('36','36','yzEnt.jpg'),
    ('37','37','rCAHD.jpg'),
    ('38','38','HMgmz.jpg'),
    ('39','39','q72sp.jpg'),
    ('40','40','my8DF.jpg'),
    ('41','41','TznW5.jpg'),
    ('42','42','tFYvm.jpg'),
    ('43','43','vO1U.jpg'),
    ('44','44','1L4Dn.jpg'),
    ('45','45','OCD8I.jpg'),
    ('46','46','X3P3D.jpg'),
    ('47','47','2e6Cg.jpg'),
    ('48','48','kGteaR.jpg'),
    ('49','49','nsTS8d.jpg'),
    ('50','50','DUxeBN.jpg'),
    ('51','51','Vmbg4K.jpg'),
    ('52','52','q8AGXO.jpg'),
    ('53','53','5UdrYW.jpg'),
    ('54','54','K6kFMc.jpg'),
    ('55','55','JJifhc.jpg'),
    ('56','56','eR7gHb.jpg'),
    ('57','57','uSMkO.jpg'),
    ('58','58','ATwm0p.jpg'),
    ('59','59','p0brs.jpg'),
    ('60','60','zckzwZ.jpg'),
    ('61','61','CgLR4w.jpg'),
    ('62','62','oYf8mp.jpg'),
    ('63','63','zw3qwE.jpg'),
    ('64','64','bgyYPa.jpg'),
    ('65','65','0lucar.jpg'),
    ('66','66','xkU62t.jpg'),
    ('67','67','c5tGfX.jpg'),
    ('68','68','prI9Ul.jpg'),
    ('69','69','9X2oWf.jpg'),
    ('70','70','wufL8L.jpg'),
    ('71','71','Liu4Vx.jpg'),
    ('72','72','kESuC4.jpg');
